Make,Colour,Odometer (KM),Doors,Price
Honda,White,35431,4,"$15,323.00"
BMW,Blue,192714,5,"$19,943.00"
Honda,White,84714,4,"$28,343.00"
Toyota,White,154365,4,"$13,434.00"
Nissan,Blue,181577,3,"$14,043.00"
Honda,Red,42652,4,"$23,883.00"
Toyota,Blue,163453,4,"$8,473.00"
Honda,White,,4,"$20,306.00"
,White,130538,4,"$9,374.00"
Honda,Blue,51029,4,"$26,683.00"
Nissan,White,167421,4,"$16,259.00"
Nissan,Green,17119,4,"$6,160.00"
Nissan,White,102303,4,"$16,909.00"
,White,134181,4,"$11,121.00"
Honda,Blue,199833,4,"$18,946.00"
Toyota,Blue,205592,4,"$16,290.00"
Toyota,Red,96742,4,"$34,465.00"
BMW,White,194189,5,"$17,177.00"
Nissan,White,67991,3,"$9,109.00"
Nissan,Blue,215820,4,"$6,010.00"
Toyota,,124844,4,"$24,130.00"
Honda,,30615,4,"$29,653.00"
Toyota,White,148744,4,"$22,489.00"
Honda,Green,130075,4,"$21,242.00"
Honda,Blue,172718,4,"$14,274.00"
Honda,Blue,125819,4,"$15,686.00"
Honda,White,180390,4,"$13,344.00"
Honda,Green,82783,4,"$10,984.00"
Honda,White,56687,4,"$6,135.00"
Toyota,White,112004,4,"$13,586.00"
Nissan,Blue,34024,4,"$23,929.00"
Toyota,White,108569,,"$6,866.00"
Nissan,White,203795,4,"$9,330.00"
Nissan,Green,153554,3,"$9,780.00"
Honda,Blue,71949,4,"$17,516.00"
Honda,Blue,191622,4,"$8,738.00"
Nissan,Blue,38186,4,"$23,438.00"
Nissan,White,,4,"$15,131.00"
Nissan,Blue,146430,3,"$9,224.00"
Toyota,Green,109868,4,"$6,574.00"
,White,177894,4,"$9,229.00"
Toyota,Blue,189209,4,"$7,100.00"
Honda,Black,200490,4,"$6,337.00"
Toyota,Blue,141617,4,"$19,085.00"
Toyota,Blue,213893,4,"$5,743.00"
Nissan,Blue,231057,4,"$5,925.00"
Toyota,White,100938,4,"$25,196.00"
Toyota,Blue,243969,,"$16,138.00"
Nissan,White,107096,3,"$6,075.00"
Toyota,Black,86333,4,"$9,928.00"
Toyota,Red,184878,4,"$7,445.00"
Honda,White,161068,,"$13,698.00"
Toyota,Blue,77646,4,"$17,422.00"
Toyota,Blue,246817,4,"$8,269.00"
,White,109384,4,"$9,918.00"
BMW,White,79937,5,"$48,686.00"
Honda,White,82039,4,"$15,662.00"
BMW,Red,162176,5,"$19,186.00"
Toyota,,97375,4,"$11,479.00"
Toyota,Blue,230908,4,"$12,883.00"
BMW,Red,208124,5,"$24,668.00"
Honda,Black,16933,4,"$12,172.00"
Honda,Green,57198,4,"$25,068.00"
Honda,Green,47019,4,"$20,370.00"
Toyota,White,170085,4,"$5,383.00"
BMW,White,178796,5,"$18,396.00"
Toyota,Blue,223390,4,"$9,648.00"
Toyota,Black,93054,4,"$6,652.00"
Toyota,Blue,42459,4,"$6,386.00"
BMW,White,37513,5,"$32,379.00"
Nissan,White,123121,4,"$22,436.00"
Toyota,,204213,4,"$6,860.00"
Honda,White,,4,"$5,648.00"
,Red,227262,4,"$12,001.00"
Toyota,Blue,191232,4,"$18,355.00"
Toyota,Blue,156478,,"$20,424.00"
Toyota,Blue,140465,4,"$15,154.00"
,White,126669,4,"$18,484.00"
Toyota,Blue,238425,4,"$6,502.00"
Honda,Blue,186146,4,"$18,310.00"
Honda,Black,149879,4,"$8,200.00"
Toyota,Blue,34097,4,"$20,142.00"
Nissan,Blue,180021,3,"$13,199.00"
Toyota,Blue,248447,4,"$5,708.00"
Toyota,Green,61651,4,"$13,430.00"
Nissan,Blue,24219,3,"$10,283.00"
Nissan,Blue,,4,"$3,300.00"
Honda,,108415,4,"$20,936.00"
Nissan,Red,61892,,"$18,160.00"
,Blue,90249,4,"$35,988.00"
Nissan,White,197844,4,"$5,776.00"
Toyota,White,53765,4,"$18,595.00"
Honda,White,115183,4,"$6,481.00"
Honda,White,130783,4,"$6,283.00"
Honda,Green,130076,4,"$6,762.00"
Honda,Blue,143707,4,"$16,337.00"
Toyota,Blue,29856,4,"$11,392.00"
Toyota,Black,133433,4,"$16,519.00"
Toyota,Red,147455,4,"$22,296.00"
Honda,,48069,4,"$12,196.00"
Honda,Blue,146233,4,"$14,202.00"
Toyota,White,224657,4,"$13,250.00"
Honda,,150582,,"$7,404.00"
Honda,White,195787,4,"$5,316.00"
Honda,White,71329,4,"$10,125.00"
Honda,Blue,229206,4,"$13,614.00"
Toyota,,218803,4,"$13,283.00"
Honda,White,184869,4,"$11,584.00"
Nissan,Blue,129769,3,"$15,617.00"
Honda,Blue,219217,4,"$4,747.00"
Toyota,White,221050,4,"$6,391.00"
Nissan,White,82726,4,"$17,802.00"
Nissan,White,72122,4,"$22,943.00"
Nissan,Blue,43149,4,"$19,502.00"
Nissan,White,24077,4,"$15,541.00"
Toyota,Black,20714,4,"$30,407.00"
Toyota,Black,26979,4,"$35,432.00"
Nissan,White,223889,4,"$10,091.00"
Nissan,Blue,166938,4,"$11,485.00"
BMW,White,18394,5,$.00
Nissan,White,212081,3,"$11,192.00"
Nissan,,206073,,"$3,944.00"
,Blue,174008,4,"$19,000.00"
,White,138274,4,"$7,994.00"
Nissan,Black,67364,,"$15,604.00"
,Blue,83784,4,"$11,648.00"
Toyota,White,71805,4,"$35,600.00"
BMW,Red,35807,5,"$17,596.00"
Nissan,White,175777,4,"$13,427.00"
Toyota,White,,4,"$35,358.00"
Nissan,,18994,4,"$7,813.00"
Toyota,Red,29689,4,"$8,743.00"
Toyota,White,109013,4,"$10,628.00"
Honda,Green,125802,4,"$4,754.00"
Toyota,White,22788,4,"$6,784.00"
Honda,Blue,43981,4,"$17,584.00"
Toyota,White,132055,4,"$10,582.00"
Honda,Blue,31677,4,"$21,754.00"
Toyota,Red,133195,4,"$14,795.00"
Honda,Blue,137233,4,"$8,809.00"
Nissan,Blue,179666,4,"$19,258.00"
Toyota,White,,4,"$34,133.00"
Honda,White,21393,4,"$20,490.00"
Nissan,Blue,41554,4,"$31,536.00"
BMW,Blue,,5,"$30,412.00"
Nissan,White,123923,4,"$14,986.00"
BMW,White,148949,3,"$23,074.00"
Toyota,Blue,103909,4,"$4,566.00"
Toyota,White,50604,4,"$10,038.00"
Toyota,Green,168432,4,"$20,497.00"
Nissan,White,129188,4,"$8,071.00"
Honda,Red,223416,4,"$10,707.00"
Toyota,White,66538,4,$.00
Nissan,Green,149042,3,"$10,835.00"
Nissan,White,149347,3,"$5,332.00"
BMW,White,39267,5,"$19,106.00"
,White,150826,4,"$12,392.00"
Toyota,Black,147540,4,"$20,155.00"
Toyota,Green,218482,4,"$10,198.00"
Honda,White,202855,4,"$8,260.00"
Honda,,213793,4,"$12,402.00"
BMW,Blue,86805,5,"$34,110.00"
Honda,White,100527,4,"$22,616.00"
Honda,Blue,37678,4,"$6,361.00"
Nissan,White,215169,4,"$14,793.00"
Nissan,Blue,211249,4,"$15,767.00"
Honda,Blue,96389,4,"$7,861.00"
Honda,Blue,50417,4,"$25,847.00"
Nissan,Blue,178405,,"$8,693.00"
Nissan,Blue,163423,4,"$7,193.00"
Toyota,Blue,63975,4,"$21,851.00"
Toyota,White,97036,4,$.00
Honda,Blue,54380,4,"$20,282.00"
Nissan,Black,240536,4,"$3,247.00"
Toyota,White,188755,4,"$17,980.00"
Toyota,Blue,51155,4,"$15,960.00"
Toyota,Blue,94916,4,$.00
Toyota,Blue,38544,4,"$34,286.00"
Honda,White,,4,"$10,076.00"
BMW,Black,158339,5,"$23,287.00"
Toyota,Red,33400,4,"$12,398.00"
Nissan,White,118470,3,"$20,075.00"
Toyota,Blue,89501,4,"$12,218.00"
Toyota,White,87594,4,"$20,100.00"
Nissan,Green,32754,4,"$13,146.00"
Nissan,Red,191810,3,"$14,189.00"
Honda,Black,61749,4,"$9,290.00"
Toyota,Blue,237190,4,"$7,800.00"
Honda,White,166028,4,"$13,056.00"
BMW,,126441,5,"$39,738.00"
Toyota,Green,58118,4,"$6,848.00"
Honda,,76343,4,"$7,097.00"
Toyota,White,188338,4,"$13,106.00"
Toyota,Black,40285,4,"$7,846.00"
Honda,White,74192,4,"$8,706.00"
Toyota,Green,172401,,"$5,454.00"
Honda,Blue,78153,4,"$10,316.00"
Toyota,Green,146940,4,"$25,133.00"
Nissan,White,193874,4,"$10,596.00"
Honda,Blue,184320,4,"$6,978.00"
,White,66461,3,"$25,873.00"
Honda,Red,95243,4,"$13,559.00"
Honda,Blue,84719,4,"$26,402.00"
Toyota,Blue,99761,4,"$10,547.00"
Nissan,Red,150563,4,"$16,115.00"
Toyota,Blue,154576,4,"$12,553.00"
Honda,White,211862,4,"$12,476.00"
Nissan,Black,125251,4,"$18,306.00"
Toyota,Blue,90856,4,"$33,077.00"
Honda,White,,4,"$22,746.00"
Toyota,Black,24764,4,"$8,856.00"
Honda,White,43437,,"$28,013.00"
Honda,White,25729,4,"$9,155.00"
Honda,Green,238825,4,"$9,530.00"
BMW,,206446,5,"$19,892.00"
BMW,White,,5,"$38,128.00"
Honda,Blue,42324,4,"$12,531.00"
Toyota,White,183368,4,"$18,198.00"
Nissan,Blue,141962,4,"$5,595.00"
Toyota,Green,214179,4,"$12,872.00"
BMW,White,195419,5,"$29,308.00"
Nissan,Blue,158730,3,"$12,104.00"
Honda,White,28791,4,"$19,052.00"
Toyota,White,117504,4,"$25,874.00"
Honda,Blue,63825,4,"$23,339.00"
Toyota,Green,142598,4,"$21,830.00"
Toyota,White,88015,4,"$22,794.00"
BMW,Blue,79301,5,"$35,004.00"
Toyota,Red,241987,4,"$9,734.00"
BMW,Red,39323,5,"$18,691.00"
Nissan,White,209259,4,"$10,823.00"
Honda,Red,120306,4,"$18,346.00"
Toyota,Blue,148421,4,"$9,953.00"
Toyota,Blue,225286,4,"$12,086.00"
Honda,White,108206,4,"$13,208.00"
Toyota,Green,,4,"$19,936.00"
Honda,Blue,61828,4,"$27,787.00"
Honda,Blue,173693,4,"$11,092.00"
BMW,White,194157,,"$34,856.00"
,Black,224479,4,"$10,456.00"
Honda,Blue,232904,4,"$7,725.00"
Nissan,White,196374,4,"$7,032.00"
Toyota,White,48184,4,"$15,095.00"
Nissan,Green,189739,4,"$16,730.00"
Honda,Red,164352,4,"$14,160.00"
Honda,Blue,26616,4,"$9,521.00"
Toyota,White,203804,4,"$5,273.00"
Toyota,White,58054,4,"$10,180.00"
BMW,Blue,63321,3,"$39,021.00"
BMW,Red,33911,5,$.00
BMW,White,173915,5,"$14,404.00"
Toyota,Black,217253,4,"$16,603.00"
Honda,,,4,"$7,076.00"
Toyota,Black,140756,4,"$26,954.00"
Nissan,Blue,,4,"$18,182.00"
Nissan,Blue,124116,,"$5,386.00"
,Blue,65719,4,$.00
Nissan,Red,128235,4,"$8,327.00"
Nissan,Red,157169,4,$.00
Honda,Red,61504,4,"$12,046.00"
Toyota,White,242084,4,"$13,111.00"
Toyota,White,61623,4,"$35,760.00"
Honda,Green,46085,4,"$29,681.00"
Honda,White,67599,,"$10,516.00"
Toyota,White,59222,4,"$32,676.00"
,White,113250,4,"$9,675.00"
Honda,Black,237861,4,"$10,374.00"
Honda,Blue,136392,4,"$12,146.00"
BMW,White,29534,5,"$28,414.00"
Nissan,Green,190794,3,"$17,917.00"
Honda,,223685,4,"$9,379.00"
Honda,White,85975,4,"$27,640.00"
BMW,White,23996,5,"$48,239.00"
Toyota,Blue,85473,4,"$22,002.00"
Toyota,White,236674,4,"$15,234.00"
Nissan,Blue,193135,3,"$13,005.00"
Honda,,,4,"$28,983.00"
BMW,Blue,245427,5,"$17,520.00"
Honda,Blue,106494,4,"$17,858.00"
Toyota,White,196840,4,"$10,646.00"
Nissan,White,116279,4,"$16,179.00"
BMW,Blue,,3,"$16,391.00"
Honda,White,195829,4,"$17,866.00"
Toyota,Blue,239004,4,"$8,566.00"
Honda,Red,238609,4,"$5,052.00"
Toyota,Green,44436,4,"$17,317.00"
Honda,White,224292,4,"$6,431.00"
Nissan,White,43540,,"$9,263.00"
Honda,Green,37606,4,"$13,255.00"
Nissan,White,215130,4,"$11,768.00"
Toyota,Black,198564,4,"$7,708.00"
Honda,Red,11035,4,"$10,602.00"
Toyota,Red,197616,4,"$14,089.00"
Honda,White,171260,4,"$18,524.00"
Toyota,White,20985,4,"$33,353.00"
Honda,White,246079,4,"$10,872.00"
Nissan,White,133441,4,"$21,921.00"
Toyota,Red,162665,4,"$7,042.00"
Toyota,Blue,44815,4,"$8,460.00"
Toyota,Black,103472,,"$15,184.00"
Nissan,White,234161,4,"$13,200.00"
Toyota,Blue,222542,4,"$8,834.00"
Honda,Blue,230570,,"$10,676.00"
Toyota,White,134862,4,"$12,353.00"
Toyota,White,55828,4,"$23,311.00"
Honda,White,61163,4,"$18,375.00"
Honda,Red,108681,4,"$10,740.00"
Nissan,Blue,174825,3,"$4,863.00"
BMW,,203517,5,"$26,846.00"
Toyota,Green,180760,4,"$10,380.00"
Toyota,Blue,52054,4,"$10,888.00"
Toyota,Blue,118308,4,"$20,237.00"
Toyota,White,12141,4,"$17,556.00"
BMW,,,5,"$32,887.00"
Nissan,Blue,104355,4,"$18,058.00"
Toyota,White,230943,4,"$13,560.00"
Toyota,White,,4,$.00
Honda,White,29514,4,"$19,357.00"
Honda,Green,94062,4,"$27,057.00"
Nissan,White,,3,"$23,868.00"
,Blue,179468,4,"$7,813.00"
Honda,Red,163045,4,"$17,035.00"
Toyota,Blue,165301,4,"$10,429.00"
Toyota,Blue,161572,,"$15,088.00"
Toyota,Green,151291,4,"$6,200.00"
Toyota,Blue,234051,,"$11,616.00"
Toyota,Blue,232912,4,"$6,029.00"
BMW,Blue,130817,3,"$31,392.00"
Toyota,Blue,135080,4,"$13,652.00"
Nissan,Blue,197823,3,"$17,860.00"
Toyota,,170466,4,"$3,974.00"
Toyota,White,112292,4,"$24,834.00"
Nissan,Blue,195494,4,"$6,460.00"
Nissan,Blue,111015,3,"$7,252.00"
Honda,Blue,247869,4,"$11,982.00"
Toyota,Black,188514,4,$.00
Toyota,Green,165225,4,"$10,841.00"
Honda,Black,175075,4,$.00
Honda,White,187663,4,"$13,433.00"
Toyota,Red,65435,4,"$24,949.00"
Honda,White,80664,4,"$20,981.00"
Toyota,White,119439,4,"$17,340.00"
,Red,97345,4,"$6,962.00"
Honda,,144093,4,"$17,036.00"
,Blue,73926,4,"$29,635.00"
Toyota,White,127161,4,"$4,871.00"
Honda,White,40749,4,"$25,649.00"
Nissan,Blue,192557,4,"$6,672.00"
Toyota,White,117571,4,"$23,719.00"
BMW,White,176864,5,"$24,938.00"
Honda,Blue,191658,4,"$17,597.00"
Toyota,Black,132103,,"$10,439.00"
Honda,Red,47933,4,"$10,301.00"
Toyota,White,50756,4,"$11,738.00"
Honda,Blue,196835,4,"$15,623.00"
Honda,Blue,106744,4,"$16,223.00"
,Blue,96363,4,"$7,469.00"
Nissan,White,,4,"$3,974.00"
BMW,Blue,103283,3,"$22,176.00"
Toyota,White,134415,,"$5,125.00"
Honda,Black,155682,,"$9,992.00"
Toyota,White,164093,4,"$3,893.00"
Toyota,Blue,119745,4,"$23,902.00"
,Black,13266,4,"$14,502.00"
Honda,White,145850,4,"$17,876.00"
Nissan,White,24420,4,"$14,198.00"
Honda,White,213324,4,"$8,704.00"
Honda,White,34822,4,"$14,613.00"
Toyota,Red,180473,4,"$6,568.00"
,White,133069,3,"$5,008.00"
Honda,White,71283,4,"$7,497.00"
,Blue,23545,4,"$13,932.00"
Honda,,178774,4,"$15,047.00"
Toyota,Blue,112223,4,"$4,753.00"
Toyota,Blue,198570,4,"$17,284.00"
Toyota,White,214493,4,"$12,434.00"
Nissan,White,64362,4,"$28,993.00"
Honda,Blue,104304,4,"$23,017.00"
Nissan,Blue,71527,4,"$17,961.00"
Honda,White,220876,4,$.00
Nissan,Blue,76412,4,"$13,492.00"
Toyota,Blue,243255,4,"$7,378.00"
,White,103728,4,"$7,061.00"
Honda,White,144088,4,"$5,838.00"
Honda,Blue,196526,4,"$6,242.00"
Honda,,89291,4,"$13,703.00"
Nissan,Blue,18044,3,"$14,227.00"
Nissan,White,88908,4,"$22,155.00"
Honda,White,24358,4,"$26,675.00"
Toyota,White,175955,4,"$7,598.00"
Toyota,White,,4,"$8,500.00"
Toyota,White,177571,4,"$14,318.00"
Toyota,White,227387,4,"$3,895.00"
Toyota,Blue,,4,"$10,834.00"
BMW,Blue,85320,3,"$16,517.00"
,Green,83293,4,"$19,337.00"
Toyota,White,210123,4,"$11,731.00"
Toyota,White,193629,4,"$12,745.00"
Toyota,White,,4,$.00
BMW,Blue,93792,3,"$35,264.00"
Toyota,Red,157432,4,"$8,260.00"
Honda,Black,226391,4,"$15,879.00"
Honda,Blue,152547,4,"$10,259.00"
Nissan,Blue,10954,4,"$30,439.00"
Toyota,White,83594,,"$13,648.00"
BMW,Blue,142189,3,"$23,336.00"
Honda,Blue,210446,4,"$3,594.00"
Honda,Blue,172266,4,"$18,327.00"
Toyota,Blue,169449,4,"$10,855.00"
,White,179727,4,"$8,980.00"
Toyota,Blue,244204,4,"$6,121.00"
BMW,Blue,72575,5,"$41,294.00"
BMW,Blue,55789,3,"$26,677.00"
Toyota,,240937,4,$.00
Toyota,Red,193006,4,"$5,101.00"
Honda,White,10953,4,"$16,636.00"
Honda,White,18933,4,"$8,014.00"
Honda,Blue,37625,4,"$6,241.00"
Nissan,White,176135,3,"$17,127.00"
Honda,Blue,234760,4,"$11,411.00"
,White,128072,4,"$18,180.00"
Toyota,Blue,81864,4,"$29,293.00"
Toyota,White,149466,4,$.00
Nissan,Black,141109,4,$.00
Toyota,White,189194,4,"$4,946.00"
Toyota,Blue,42480,4,"$19,720.00"
Toyota,White,146307,4,"$13,508.00"
BMW,Red,131587,5,"$15,652.00"
Toyota,Blue,98890,4,"$26,926.00"
Toyota,Blue,188658,4,"$14,312.00"
Nissan,Blue,45668,4,"$13,310.00"
BMW,Green,162607,5,"$14,074.00"
Toyota,White,149989,4,"$5,260.00"
Honda,Red,169579,,"$8,089.00"
Toyota,White,36463,4,"$16,805.00"
Honda,,28625,4,"$8,753.00"
BMW,Red,100060,5,"$38,060.00"
Nissan,White,43600,4,"$10,030.00"
Toyota,Blue,52196,4,"$11,076.00"
Toyota,Black,59249,4,"$9,108.00"
Honda,Blue,127589,4,"$15,610.00"
Nissan,Green,90446,4,"$13,251.00"
Nissan,Black,59335,4,"$28,354.00"
Toyota,Blue,71306,4,"$23,747.00"
Honda,Blue,73286,4,"$19,629.00"
Toyota,Black,121160,4,"$8,380.00"
Nissan,White,63355,4,"$22,989.00"
Toyota,Blue,98619,4,"$33,324.00"
Toyota,Blue,200597,4,"$13,147.00"
Honda,White,146703,4,"$20,642.00"
Honda,Blue,133117,,"$10,344.00"
BMW,Black,192316,5,"$25,490.00"
Honda,Blue,127157,4,"$7,682.00"
,Blue,157782,4,"$12,592.00"
Honda,White,193179,,"$7,827.00"
Honda,White,134949,4,"$17,622.00"
Toyota,White,216257,4,"$17,171.00"
Honda,Red,111727,4,"$10,101.00"
Toyota,,86480,4,"$16,319.00"
Toyota,,73360,4,"$18,653.00"
Honda,White,164703,4,"$12,201.00"
BMW,White,143651,5,"$22,597.00"
Toyota,Black,58773,4,"$20,893.00"
Toyota,White,72118,4,"$16,892.00"
Honda,White,14700,4,"$26,973.00"
Toyota,White,117637,4,"$17,256.00"
Nissan,,129820,,"$6,960.00"
Honda,White,18246,4,"$21,684.00"
Toyota,White,,4,"$5,094.00"
Honda,White,92883,4,"$14,931.00"
Toyota,Green,119394,4,"$11,773.00"
Nissan,Black,178899,4,"$5,222.00"
Toyota,White,172018,4,"$10,196.00"
Toyota,Blue,98971,4,"$16,226.00"
Nissan,,215026,4,$.00
Honda,,33261,4,"$28,104.00"
Toyota,White,185742,4,"$16,865.00"
Toyota,Blue,119311,4,"$26,816.00"
Nissan,Blue,,4,"$9,545.00"
Nissan,White,246825,3,"$13,647.00"
Toyota,Black,225991,4,$.00
Toyota,Red,159925,4,"$14,028.00"
Nissan,White,51004,4,"$31,633.00"
Toyota,White,216076,4,"$12,152.00"
Toyota,White,231683,4,"$16,001.00"
Toyota,Blue,135237,4,"$18,358.00"
Nissan,White,193389,4,"$7,443.00"
Toyota,White,143104,4,"$4,589.00"
BMW,White,146911,3,"$17,076.00"
Toyota,White,199985,4,"$21,007.00"
,White,,4,"$29,616.00"
Toyota,,114202,4,"$22,505.00"
Toyota,White,66150,4,"$25,111.00"
Honda,Blue,42420,,"$7,376.00"
Nissan,Blue,111256,4,"$10,919.00"
BMW,Black,181572,5,"$25,763.00"
,White,186752,4,"$7,882.00"
Nissan,Red,209976,4,"$4,200.00"
Honda,Green,81764,4,"$29,004.00"
Nissan,White,82429,4,"$8,979.00"
Honda,Black,221461,4,"$10,450.00"
Honda,White,47712,4,"$18,029.00"
,Blue,166897,4,"$10,278.00"
Toyota,Blue,,4,"$19,175.00"
Toyota,Black,222813,4,$.00
Toyota,White,107410,4,"$24,990.00"
Toyota,Blue,14645,4,"$21,326.00"
Toyota,Blue,67120,4,$.00
Nissan,Red,,4,"$17,144.00"
Nissan,White,26634,4,"$12,024.00"
Toyota,,118706,4,"$20,705.00"
BMW,Green,209340,5,"$29,140.00"
Nissan,Blue,38233,4,"$23,483.00"
Toyota,Blue,,4,"$13,213.00"
Nissan,White,152215,4,"$16,519.00"
Honda,Blue,30120,4,"$6,357.00"
Toyota,Red,68125,4,"$8,105.00"
Toyota,Blue,207048,4,"$10,663.00"
Honda,White,126854,4,"$12,311.00"
Honda,Red,236800,4,$.00
Nissan,Blue,180739,4,"$19,389.00"
Nissan,Red,196130,3,"$13,707.00"
Honda,Green,164493,4,"$13,866.00"
Honda,Blue,207344,4,"$4,941.00"
Nissan,White,228090,4,"$16,366.00"
Toyota,Blue,180156,4,"$14,086.00"
Toyota,White,110362,4,"$13,560.00"
,White,235294,,"$10,597.00"
,White,43148,4,"$29,089.00"
BMW,Blue,69358,5,"$47,260.00"
Toyota,White,124057,4,"$18,919.00"
Toyota,Blue,126078,4,"$14,442.00"
Nissan,Blue,224410,4,"$13,244.00"
Toyota,Green,221725,4,"$6,742.00"
Honda,Blue,,,"$22,042.00"
Toyota,White,35673,4,"$35,683.00"
Honda,White,205597,4,"$4,239.00"
Honda,Blue,76579,4,"$20,511.00"
Nissan,White,137477,4,$.00
Honda,White,120283,4,"$19,376.00"
Honda,Black,51328,4,"$10,675.00"
Toyota,Black,218253,4,"$13,176.00"
Toyota,Blue,39311,4,"$17,520.00"
Toyota,White,210193,4,"$5,653.00"
Honda,Black,27788,4,"$18,919.00"
,White,175309,,$.00
Honda,Black,111097,4,"$16,072.00"
Honda,Red,16079,4,"$9,954.00"
Toyota,Blue,89641,4,"$33,463.00"
BMW,Blue,72663,5,"$40,032.00"
Toyota,Red,86284,,"$22,542.00"
Honda,White,95481,4,"$8,687.00"
Honda,White,214405,4,"$7,982.00"
Honda,White,52563,4,"$26,078.00"
Honda,White,113704,4,"$23,280.00"
Honda,Blue,73869,4,"$27,744.00"
Honda,White,95579,4,"$11,135.00"
Honda,Black,45152,4,"$22,825.00"
Honda,Green,194035,4,"$11,648.00"
Toyota,Blue,220679,4,"$15,508.00"
Honda,,102032,4,"$19,036.00"
Toyota,Green,58938,4,"$6,602.00"
Toyota,White,,4,"$14,021.00"
Toyota,Blue,193276,4,"$10,522.00"
Nissan,Blue,189182,,"$18,834.00"
Toyota,White,197393,4,"$20,879.00"
Honda,White,42844,4,"$29,145.00"
Toyota,White,122266,4,"$17,664.00"
Toyota,Red,240017,4,"$13,728.00"
Toyota,Green,88598,4,"$19,373.00"
Toyota,Blue,216563,,"$7,903.00"
Honda,Black,123924,4,"$21,236.00"
Toyota,White,185455,4,"$16,220.00"
Nissan,Green,163080,4,"$7,973.00"
,White,53531,4,"$7,802.00"
Honda,Blue,142403,4,"$6,803.00"
Nissan,White,127386,4,"$8,461.00"
Toyota,White,142633,4,"$10,402.00"
Toyota,Blue,215955,4,"$7,994.00"
Nissan,Blue,46842,4,"$28,655.00"
Nissan,Red,,4,"$13,127.00"
Honda,Black,222786,4,$.00
Honda,White,130494,4,"$5,513.00"
Toyota,White,,4,"$20,521.00"
BMW,White,96224,,"$45,720.00"
Honda,Blue,176566,4,"$13,257.00"
Toyota,Blue,171373,4,"$9,529.00"
Toyota,Green,241507,,"$7,724.00"
Honda,Red,86427,4,"$30,854.00"
Toyota,White,210863,4,"$12,112.00"
Toyota,White,216647,4,"$10,207.00"
BMW,Blue,35837,3,"$33,198.00"
Honda,Blue,166595,,"$5,138.00"
Honda,Blue,68223,4,"$27,530.00"
Honda,Blue,223005,4,"$14,431.00"
Honda,Black,61120,4,"$30,374.00"
Honda,Blue,83357,4,"$22,263.00"
Nissan,White,20315,4,"$8,137.00"
Toyota,Blue,152042,4,"$20,590.00"
Honda,Black,213154,4,"$8,192.00"
Nissan,White,24741,4,"$20,840.00"
Toyota,Blue,247601,4,"$11,162.00"
Honda,Blue,40912,4,"$26,885.00"
Nissan,Black,218697,4,"$5,157.00"
Toyota,White,26655,4,"$11,749.00"
Honda,White,42137,4,$.00
Toyota,Black,71463,4,"$31,206.00"
Toyota,Blue,149270,,"$21,953.00"
Honda,Blue,66613,4,"$20,450.00"
Toyota,White,48674,4,$.00
Honda,White,123898,4,"$20,622.00"
Toyota,Black,136271,4,"$20,242.00"
Honda,Black,119033,4,"$16,774.00"
Honda,Blue,50475,4,"$8,164.00"
Honda,,42379,4,"$25,382.00"
Honda,Black,147889,4,"$8,916.00"
Nissan,Green,76610,3,"$16,320.00"
Nissan,Blue,249860,4,"$14,524.00"
Honda,Red,113538,4,$.00
Honda,White,152212,4,"$10,580.00"
BMW,White,26531,5,"$19,408.00"
Toyota,White,137628,4,"$18,142.00"
Toyota,Blue,33461,4,$.00
Honda,White,178134,4,"$8,870.00"
Toyota,White,74919,4,"$7,183.00"
Honda,Green,165101,4,"$10,377.00"
Nissan,White,235952,4,"$13,272.00"
Nissan,Black,77474,4,"$22,924.00"
Honda,White,121416,,"$17,690.00"
Honda,Blue,196507,4,"$17,065.00"
Toyota,Blue,95993,4,"$28,073.00"
Nissan,Green,87701,4,"$29,656.00"
BMW,White,192673,5,"$23,377.00"
Nissan,White,205155,3,"$10,287.00"
BMW,White,242935,3,"$14,767.00"
Honda,Red,101835,4,"$16,110.00"
Toyota,Black,26798,4,"$28,276.00"
Toyota,Red,88571,4,"$21,431.00"
Toyota,Red,49807,4,"$25,775.00"
Nissan,White,71103,4,"$6,884.00"
Honda,White,237209,4,"$10,494.00"
Toyota,Green,37703,4,$.00
Toyota,White,26191,4,"$15,372.00"
Toyota,Blue,213344,4,$.00
Honda,Blue,28561,4,"$14,204.00"
Toyota,Blue,,4,"$10,024.00"
Honda,Blue,120448,4,"$12,392.00"
Nissan,White,19265,4,"$21,451.00"
Honda,White,40134,4,"$16,273.00"
Toyota,Black,86696,4,"$30,320.00"
Toyota,Blue,23637,4,$.00
Nissan,Red,166895,4,"$10,061.00"
,White,19482,3,"$31,208.00"
,Blue,40774,5,"$26,834.00"
Toyota,White,202435,4,"$16,867.00"
Toyota,White,72725,4,"$25,735.00"
Toyota,Blue,63501,4,"$15,260.00"
Toyota,Black,228063,4,"$16,308.00"
Nissan,Red,143204,3,"$16,719.00"
Toyota,Green,213077,4,$.00
BMW,Blue,209466,5,$.00
BMW,,33320,3,"$27,888.00"
Honda,White,236432,4,$.00
Honda,,41846,4,"$10,241.00"
BMW,Red,38775,5,$.00
Toyota,Blue,226217,4,"$15,413.00"
Honda,White,211154,4,"$9,402.00"
Toyota,White,248416,4,"$14,717.00"
Nissan,Red,,4,"$15,154.00"
Nissan,Green,233054,4,"$8,930.00"
,White,138294,4,"$11,626.00"
Toyota,Blue,84787,4,"$28,414.00"
Toyota,White,176172,4,"$18,923.00"
Nissan,Black,170777,4,"$9,649.00"
BMW,White,235774,,"$29,401.00"
Honda,Blue,161140,4,"$11,364.00"
Toyota,Blue,189781,4,"$10,352.00"
Honda,White,117907,4,"$16,908.00"
Toyota,Green,213861,4,"$3,751.00"
Toyota,Red,248634,,"$9,919.00"
Honda,Black,38327,4,"$23,728.00"
Honda,,225600,4,$.00
BMW,Black,54141,5,"$37,518.00"
Honda,Blue,163297,4,"$13,263.00"
Honda,White,24180,4,"$9,710.00"
Toyota,Black,98409,4,"$32,863.00"
Toyota,,228619,4,"$12,058.00"
Honda,Black,232910,4,"$6,690.00"
Nissan,Blue,28390,3,"$6,504.00"
,White,152006,3,"$4,165.00"
Nissan,Green,107112,3,"$16,345.00"
,Black,189001,4,"$5,843.00"
Nissan,White,48730,4,"$11,210.00"
Nissan,White,192747,4,"$6,750.00"
Toyota,Blue,177356,4,"$15,827.00"
Toyota,White,146824,4,"$16,285.00"
Honda,White,64574,4,"$17,654.00"
Toyota,White,244404,4,"$13,334.00"
Nissan,White,66199,4,"$27,557.00"
Toyota,,199315,4,"$19,453.00"
Honda,,203447,4,"$3,509.00"
Honda,Blue,158301,4,"$15,297.00"
Honda,White,82518,4,"$22,587.00"
Honda,Blue,224900,4,"$9,104.00"
Honda,White,56523,4,"$6,207.00"
Toyota,Red,98854,4,"$29,876.00"
Honda,Black,151414,4,"$12,186.00"
Nissan,White,222917,4,"$15,673.00"
Honda,Blue,67875,,"$17,152.00"
BMW,Blue,134103,5,"$36,109.00"
Nissan,White,177272,4,"$18,248.00"
Honda,Black,88002,4,"$20,219.00"
Toyota,Black,112622,4,"$15,778.00"
Toyota,Red,185940,4,"$9,685.00"
Honda,Red,172705,4,$.00
Toyota,White,,4,"$23,844.00"
Toyota,White,124205,4,"$6,917.00"
Nissan,White,87997,4,"$28,596.00"
Honda,White,148238,4,"$11,303.00"
Toyota,White,10217,4,"$22,883.00"
BMW,White,57905,3,"$50,868.00"
Honda,White,70154,4,"$27,852.00"
BMW,Blue,165375,5,"$26,540.00"
Toyota,White,223727,4,"$12,901.00"
Toyota,White,81656,4,"$14,282.00"
Toyota,Red,189278,,"$9,222.00"
BMW,White,227845,5,"$11,298.00"
Honda,White,13116,4,"$16,464.00"
Toyota,White,69222,4,"$29,363.00"
Honda,Blue,197664,4,"$12,950.00"
Toyota,Black,146848,,"$7,286.00"
Honda,Blue,76252,4,"$9,500.00"
Honda,White,121791,4,"$6,920.00"
,Blue,77978,4,"$18,199.00"
Toyota,White,235792,4,"$10,726.00"
Toyota,Black,197498,4,"$6,956.00"
Toyota,White,129188,4,"$17,609.00"
Toyota,Blue,223875,4,"$12,650.00"
Nissan,Blue,96785,4,"$22,949.00"
Honda,White,187380,4,"$4,022.00"
BMW,Black,11049,3,"$19,500.00"
Toyota,Blue,76416,4,"$21,653.00"
BMW,White,228678,5,"$18,557.00"
Honda,Red,47404,4,"$23,554.00"
Toyota,Green,172493,4,"$14,698.00"
Honda,White,11119,4,"$20,845.00"
BMW,Black,201190,3,"$16,705.00"
Toyota,,192890,4,"$20,130.00"
Toyota,Black,72287,4,"$13,934.00"
Toyota,Black,,4,"$8,513.00"
Honda,Green,208651,4,"$13,722.00"
Nissan,Blue,195105,3,"$7,823.00"
Toyota,Blue,240627,4,"$5,285.00"
BMW,Blue,,3,"$30,020.00"
BMW,White,168854,5,"$23,240.00"
,Blue,60499,5,"$11,708.00"
Toyota,White,46848,4,"$17,795.00"
Nissan,Blue,233501,4,"$2,796.00"
Toyota,Black,97042,4,"$8,203.00"
Nissan,Red,113987,4,"$4,968.00"
Nissan,Green,223555,4,"$11,854.00"
Nissan,Blue,63686,4,"$14,432.00"
Toyota,White,147230,4,"$16,645.00"
Honda,Blue,21146,4,"$23,064.00"
Toyota,Blue,166679,4,"$18,222.00"
Honda,Red,108794,4,"$15,962.00"
Toyota,Blue,229110,4,"$17,258.00"
Nissan,Red,,4,"$21,679.00"
Honda,Blue,217068,4,"$4,358.00"
Honda,,133270,4,"$21,612.00"
Toyota,Green,202862,4,"$17,635.00"
Honda,White,136340,4,"$19,271.00"
Toyota,Green,209457,,"$14,590.00"
Toyota,Black,224986,4,"$11,233.00"
Toyota,Green,201964,4,"$13,637.00"
Honda,Blue,63800,4,"$26,308.00"
Toyota,Blue,61337,4,"$28,830.00"
Honda,Blue,190532,4,"$8,479.00"
Toyota,White,161870,4,"$7,157.00"
BMW,Blue,212644,5,"$19,545.00"
Toyota,White,30334,4,"$35,687.00"
Honda,Black,158337,4,"$4,733.00"
Nissan,,219137,4,"$5,865.00"
Toyota,Black,140913,4,"$15,967.00"
Honda,Blue,195239,4,"$14,944.00"
Honda,White,178351,4,"$14,331.00"
BMW,Green,152243,5,"$20,108.00"
Toyota,White,245977,4,"$11,036.00"
Toyota,White,32748,4,"$30,323.00"
Toyota,Green,60344,4,$.00
Honda,Blue,244434,4,"$8,253.00"
Nissan,White,198923,4,"$5,135.00"
Toyota,White,128294,4,"$13,608.00"
BMW,Blue,179255,5,"$33,040.00"
Toyota,White,22257,4,"$27,868.00"
Toyota,White,85800,4,"$20,503.00"
Toyota,Red,190211,4,"$4,454.00"
Toyota,Blue,103202,4,"$13,394.00"
,Blue,48777,4,"$7,910.00"
Toyota,White,18812,4,"$22,643.00"
Honda,White,29541,4,"$8,690.00"
Honda,Red,123224,4,"$16,488.00"
Honda,White,192655,4,"$12,609.00"
Toyota,Blue,219420,4,"$8,952.00"
Toyota,White,185146,4,"$4,566.00"
Toyota,,77677,,$.00
Nissan,White,211504,4,"$14,084.00"
Toyota,Green,88519,4,"$18,640.00"
Toyota,White,78123,4,"$24,629.00"
Toyota,White,201039,4,"$16,879.00"
Nissan,Green,229929,4,"$9,803.00"
BMW,White,83309,5,"$45,509.00"
Toyota,White,148473,4,"$23,386.00"
Toyota,White,10247,4,"$32,566.00"
BMW,Blue,50363,5,"$30,104.00"
Honda,Blue,187630,4,"$15,810.00"
Nissan,Black,192250,4,"$10,962.00"
Toyota,White,95725,4,"$12,523.00"
Honda,White,136279,4,"$5,933.00"
Toyota,White,239554,4,"$10,747.00"
Honda,White,100884,4,"$5,145.00"
Nissan,Red,124112,4,"$7,217.00"
Nissan,White,114699,4,"$16,016.00"
Toyota,Blue,198983,4,"$18,440.00"
Toyota,Black,201753,4,"$15,097.00"
Nissan,White,195056,4,"$11,140.00"
Honda,White,30080,4,"$18,429.00"
Honda,Blue,171303,4,"$10,821.00"
Toyota,Red,220026,4,"$9,554.00"
Honda,White,,4,"$10,130.00"
Toyota,Blue,190406,4,$.00
BMW,Red,175134,,"$29,487.00"
Toyota,White,100107,4,"$9,878.00"
BMW,Green,117440,5,"$17,322.00"
Toyota,Blue,188036,4,$.00
Toyota,Blue,34521,4,"$30,191.00"
Nissan,Blue,69954,4,"$20,938.00"
BMW,Red,149413,5,"$36,864.00"
Nissan,Green,235589,4,"$5,905.00"
Toyota,Blue,125939,4,"$10,349.00"
Honda,White,248301,4,"$14,026.00"
Honda,Blue,248899,4,"$5,834.00"
Nissan,Blue,209485,4,"$13,474.00"
Toyota,White,62712,4,"$24,342.00"
BMW,Green,112156,5,"$12,904.00"
Toyota,Green,243177,4,"$3,125.00"
Toyota,White,93593,4,"$29,638.00"
Honda,Green,,4,"$28,599.00"
Toyota,Blue,48684,4,"$33,817.00"
Toyota,Red,107799,4,"$13,417.00"
Toyota,White,112103,4,"$7,898.00"
Toyota,White,74984,4,"$16,766.00"
BMW,Blue,129040,5,"$32,353.00"
Nissan,White,166735,4,"$7,350.00"
Nissan,White,129883,4,"$23,945.00"
Honda,White,245327,4,"$8,226.00"
Toyota,,51788,4,"$6,480.00"
BMW,Blue,31277,5,"$18,139.00"
Nissan,White,43191,4,$.00
Nissan,Blue,191024,3,"$9,450.00"
,,61876,4,"$5,922.00"
BMW,White,69066,5,"$22,784.00"
Honda,Blue,40635,4,"$12,402.00"
Toyota,Red,13050,4,"$9,074.00"
Honda,White,,4,"$26,813.00"
Toyota,Green,110078,4,"$13,650.00"
BMW,White,118286,5,"$14,145.00"
BMW,White,212920,3,"$11,733.00"
,White,45513,5,"$38,984.00"
Honda,Black,231825,4,"$12,988.00"
Toyota,White,112968,4,"$18,962.00"
Honda,,118609,4,"$5,465.00"
Toyota,White,100657,4,$.00
Toyota,Red,210870,4,"$16,652.00"
Toyota,White,218519,4,$.00
Honda,Red,211735,,$.00
Honda,White,124924,4,"$19,832.00"
Toyota,White,14497,4,"$19,838.00"
Toyota,White,225284,4,"$12,408.00"
Honda,Blue,236760,4,"$12,362.00"
Honda,Blue,200219,4,"$4,606.00"
,Black,27139,4,"$22,921.00"
BMW,Black,204746,5,"$24,494.00"
Toyota,Green,106475,4,"$24,242.00"
BMW,White,152410,5,"$21,580.00"
Toyota,White,63832,4,"$6,698.00"
Toyota,White,73869,4,"$19,572.00"
Nissan,White,49310,4,"$27,146.00"
BMW,Blue,244095,5,"$25,780.00"
Toyota,Blue,229055,4,"$10,865.00"
Toyota,Black,144944,4,"$22,873.00"
Nissan,Black,10148,4,"$27,337.00"
Toyota,Blue,181466,,"$14,388.00"
Toyota,White,248815,4,"$9,785.00"
Honda,White,56534,4,"$6,676.00"
Nissan,White,48277,4,"$11,406.00"
Toyota,Green,,4,"$9,073.00"
Toyota,White,28809,4,"$22,139.00"
Toyota,Blue,237448,4,"$16,202.00"
Toyota,Blue,23241,4,"$14,203.00"
Nissan,White,135032,3,"$6,214.00"
Nissan,White,213449,3,"$7,425.00"
BMW,White,84327,5,"$38,233.00"
Toyota,White,104722,4,"$21,006.00"
Toyota,White,196225,4,"$19,812.00"
Honda,Blue,,4,"$23,840.00"
BMW,White,16274,5,"$52,458.00"
BMW,Red,,5,"$9,362.00"
Nissan,White,,3,"$15,861.00"
BMW,White,232696,5,"$26,940.00"
Nissan,White,40598,4,"$24,122.00"
Nissan,White,83345,4,"$6,476.00"
Nissan,Blue,234146,3,"$12,522.00"
Nissan,Black,239908,4,"$6,567.00"
Honda,White,,4,"$11,182.00"
BMW,Blue,152772,3,"$14,588.00"
Honda,Black,134825,4,"$17,315.00"
Toyota,White,66633,4,$.00
Honda,Blue,228279,4,"$13,519.00"
Honda,Black,231659,4,"$9,826.00"
Nissan,White,19134,4,"$23,439.00"
Toyota,Blue,149927,4,"$8,321.00"
Honda,Red,98523,4,"$29,959.00"
Honda,White,161712,4,"$13,546.00"
Nissan,Red,113278,3,"$15,666.00"
,Green,,4,"$11,454.00"
Honda,White,101311,4,"$5,421.00"
Nissan,White,161699,4,"$5,594.00"
BMW,Red,176660,5,"$14,134.00"
Honda,White,31418,4,"$22,816.00"
Nissan,White,143520,4,"$7,433.00"
Toyota,White,149655,4,"$14,650.00"
Toyota,White,122453,4,"$24,178.00"
Toyota,White,21083,4,"$35,333.00"
Honda,White,219635,4,"$12,216.00"
Nissan,Green,203302,4,"$5,548.00"
Honda,Blue,178863,4,"$5,168.00"
Toyota,Red,148518,4,"$25,104.00"
Honda,Black,143649,,"$7,874.00"
Nissan,Red,153074,4,"$17,487.00"
Honda,White,53474,4,$.00
Toyota,Red,166046,4,"$7,955.00"
Nissan,Blue,228192,4,"$12,641.00"
Toyota,Blue,221076,4,"$8,786.00"
Toyota,White,88224,4,"$24,304.00"
BMW,Red,156064,5,"$17,105.00"
Toyota,Green,132714,4,"$17,076.00"
Toyota,Blue,17609,4,$.00
Toyota,Black,43171,4,"$24,354.00"
Nissan,Blue,57558,3,"$16,622.00"
Honda,White,52414,4,"$11,548.00"
Honda,White,186495,4,"$14,849.00"
Nissan,White,136022,4,$.00
BMW,White,102773,5,"$29,551.00"
Toyota,Blue,92777,4,"$32,509.00"
Toyota,,103682,4,"$10,261.00"
Toyota,Black,90508,4,"$33,758.00"
Nissan,,39639,3,"$12,315.00"
Honda,Blue,26824,4,"$28,422.00"
Nissan,White,186786,4,$.00
Honda,White,,4,"$13,070.00"
Toyota,White,239760,4,"$4,896.00"
Honda,Blue,96308,4,"$15,010.00"
Toyota,White,107043,4,"$7,126.00"
Toyota,Blue,39753,4,"$34,231.00"
Honda,Blue,168261,4,"$14,691.00"
Honda,Black,94941,4,"$27,598.00"
BMW,Green,26839,5,"$15,224.00"
Nissan,White,227278,4,$.00
BMW,Blue,45207,5,"$35,254.00"
Toyota,Blue,186309,4,"$16,416.00"
BMW,Black,178164,3,"$24,891.00"
Honda,White,,4,"$17,939.00"
Honda,Green,237627,4,"$8,430.00"
,White,155383,4,"$14,345.00"
Honda,,22409,4,"$10,429.00"
Toyota,Blue,95317,4,"$7,435.00"
Toyota,Blue,128016,4,"$16,835.00"
BMW,White,85739,5,"$48,419.00"
Toyota,Black,17975,4,"$17,940.00"
Toyota,Blue,230314,4,"$6,720.00"
Toyota,White,129454,4,"$6,446.00"
Honda,White,238172,4,"$13,273.00"
Toyota,Red,,4,"$14,671.00"
Nissan,Blue,157235,4,"$4,196.00"
,Blue,216250,4,"$9,691.00"
Honda,White,71934,4,"$26,882.00"
Honda,White,215235,4,"$3,825.00"
Nissan,Black,248736,4,"$8,358.00"
Toyota,Red,41735,4,"$13,928.00"
Toyota,White,173408,4,"$8,082.00"
Honda,Blue,235985,4,"$9,184.00"
Honda,Green,54721,4,"$27,419.00"
Nissan,Black,162523,4,"$4,696.00"
BMW,Blue,163322,3,"$31,666.00"
Toyota,Black,35820,4,"$32,042.00"
,White,155144,3,"$5,716.00"
Nissan,Blue,66604,4,"$31,570.00"
Honda,White,215883,4,"$4,001.00"
Toyota,Blue,248360,4,"$12,732.00"
